{"PAK": {"projects": 447, "cost": 116469220000.0, "SI.POV.UMIC.GP": 38.03804485, "SI.POV.LMIC.GP": 13.68990788, "SI.POV.GAPS": 1.6896025330000002, "EN.POP.SLUM.UR.ZS": 47.04825805}, "MMR": {"projects": 68, "cost": 5454050000.0, "SI.POV.UMIC.GP": 25.7, "SI.POV.LMIC.GP": 7.7, "SI.POV.GAPS": 1.5, "EN.POP.SLUM.UR.ZS": 43.2388714}, "CHN": {"projects": 599, "cost": 244145100000.0, "SI.POV.UMIC.GP": 18.73457151, "SI.POV.LMIC.GP": 6.360266007999999, "SI.POV.GAPS": 1.463900025, "EN.POP.SLUM.UR.ZS": 30.83983108}, "UGA": {"projects": 239, "cost": 16348530000.0, "SI.POV.UMIC.GP": 56.09650065, "SI.POV.LMIC.GP": 35.57492503, "SI.POV.GAPS": 16.374926199999997, "EN.POP.SLUM.UR.ZS": 63.3669966}, "KGZ": {"projects": 126, "cost": 4512850000.0, "SI.POV.UMIC.GP": 29.16631464, "SI.POV.LMIC.GP": 8.400973882, "SI.POV.GAPS": 1.167759274}, "BDI": {"projects": 110, "cost": 2860260000.0, "SI.POV.UMIC.GP": 70.73513978, "SI.POV.LMIC.GP": 53.17283141, "SI.POV.GAPS": 31.62530632, "EN.POP.SLUM.UR.ZS": 62.09169324}, "TUR": {"projects": 259, "cost": 66269780000.0, "SI.POV.UMIC.GP": 5.405840555, "SI.POV.LMIC.GP": 1.1941437609999999, "EN.POP.SLUM.UR.ZS": 14.33437729}, "KHM": {"projects": 98, "cost": 2823740000.0, "EN.POP.SLUM.UR.ZS": 65.93474046}, "ALB": {"projects": 129, "cost": 4755160000.0, "SI.POV.UMIC.GP": 11.8750892, "SI.POV.LMIC.GP": 1.932232855, "SI.POV.GAPS": 0.2}, "SOM": {"projects": 89, "cost": 2042390000.0, "EN.POP.SLUM.UR.ZS": 73.57498725}, "MDV": {"projects": 39, "cost": 1079860000.0, "SI.POV.UMIC.GP": 25.55582125, "SI.POV.LMIC.GP": 9.001666512, "SI.POV.GAPS": 1.974841766}, "MEX": {"projects": 333, "cost": 116120370000.0, "SI.POV.UMIC.GP": 12.93407894, "SI.POV.LMIC.GP": 4.619847999, "SI.POV.GAPS": 1.563959202, "EN.POP.SLUM.UR.ZS": 14.62935773}, "COL": {"projects": 293, "cost": 77139640000.0, "SI.POV.UMIC.GP": 16.79295119, "SI.POV.LMIC.GP": 7.448856257, "SI.POV.GAPS": 3.263686182, "EN.POP.SLUM.UR.ZS": 16.44819404}, "SLB": {"projects": 45, "cost": 650480000.0, "SI.POV.UMIC.GP": 48.37664726, "SI.POV.LMIC.GP": 27.21102718, "SI.POV.GAPS": 10.84619749}, "TJK": {"projects": 113, "cost": 2415070000.0, "SI.POV.UMIC.GP": 29.71670644, "SI.POV.LMIC.GP": 10.63491787, "SI.POV.GAPS": 2.516682863}, "GEO": {"projects": 112, "cost": 4457510000.0, "SI.POV.UMIC.GP": 23.20107633, "SI.POV.LMIC.GP": 8.736854657, "SI.POV.GAPS": 2.6323647880000003}, "BOL": {"projects": 147, "cost": 5840730000.0, "SI.POV.UMIC.GP": 17.72798409, "SI.POV.LMIC.GP": 9.556124857999999, "SI.POV.GAPS": 5.337546151000001, "EN.POP.SLUM.UR.ZS": 48.73041581}, "NGA": {"projects": 247, "cost": 35979800000.0, "SI.POV.UMIC.GP": 60.147485399999994, "SI.POV.LMIC.GP": 40.54922934, "SI.POV.GAPS": 21.84994279, "EN.POP.SLUM.UR.ZS": 62.12526923}, "IND": {"projects": 822, "cost": 366156020000.0, "SI.POV.UMIC.GP": 48.62945259, "SI.POV.LMIC.GP": 24.71425142, "SI.POV.GAPS": 6.518056304, "EN.POP.SLUM.UR.ZS": 31.83744363}, "PHL": {"projects": 320, "cost": 37763430000.0, "SI.POV.UMIC.GP": 26.82154595, "SI.POV.LMIC.GP": 10.73057948, "SI.POV.GAPS": 2.4503066469999997, "EN.POP.SLUM.UR.ZS": 42.37767998}, "MOZ": {"projects": 176, "cost": 13286180000.0, "SI.POV.UMIC.GP": 69.10188128, "SI.POV.LMIC.GP": 52.49098657, "SI.POV.GAPS": 33.232117699999996, "EN.POP.SLUM.UR.ZS": 79.69573107}, "XKX": {"projects": 64, "cost": 2666290000.0, "SI.POV.UMIC.GP": 8.916014632000001, "SI.POV.LMIC.GP": 1.489640958, "SI.POV.GAPS": 0.169838133}, "LAO": {"projects": 137, "cost": 4311900000.0, "SI.POV.UMIC.GP": 46.90824304, "SI.POV.LMIC.GP": 23.34917745, "SI.POV.GAPS": 6.440241237, "EN.POP.SLUM.UR.ZS": 49.900100200000004}, "TON": {"projects": 33, "cost": 340020000.0, "SI.POV.UMIC.GP": 8.781227199, "SI.POV.LMIC.GP": 1.924250566, "SI.POV.GAPS": 0.347602664}, "KIR": {"projects": 25, "cost": 329230000.0, "SI.POV.UMIC.GP": 29.1, "SI.POV.LMIC.GP": 11.3, "SI.POV.GAPS": 3.3}, "PSE": {"projects": 136, "cost": 3998490000.0, "SI.POV.UMIC.GP": 6.070526012999999, "SI.POV.LMIC.GP": 0.929035185}, "MKD": {"projects": 79, "cost": 2711840000.0, "SI.POV.UMIC.GP": 12.07972285, "SI.POV.LMIC.GP": 5.811774236000001, "SI.POV.GAPS": 2.960509025}, "LSO": {"projects": 73, "cost": 4890900000.0, "SI.POV.UMIC.GP": 63.89718304, "SI.POV.LMIC.GP": 47.89906053, "SI.POV.GAPS": 31.89984326, "EN.POP.SLUM.UR.ZS": 45.40796313}, "PER": {"projects": 199, "cost": 25603900000.0, "SI.POV.UMIC.GP": 15.32954443, "SI.POV.LMIC.GP": 6.660099125, "SI.POV.GAPS": 2.368219405, "EN.POP.SLUM.UR.ZS": 37.88092901}, "VUT": {"projects": 21, "cost": 281540000.0, "SI.POV.UMIC.GP": 31.6, "SI.POV.LMIC.GP": 12.7, "SI.POV.GAPS": 3.2}, "GRD": {"projects": 24, "cost": 243400000.0, "EN.POP.SLUM.UR.ZS": 6.0}, "CIV": {"projects": 178, "cost": 13010980000.0, "SI.POV.UMIC.GP": 43.09149295, "SI.POV.LMIC.GP": 22.75142011, "SI.POV.GAPS": 8.758794966, "EN.POP.SLUM.UR.ZS": 56.21706294}, "TCD": {"projects": 92, "cost": 2541850000.0, "SI.POV.UMIC.GP": 57.74547601, "SI.POV.LMIC.GP": 38.00684149, "SI.POV.GAPS": 20.21163032, "EN.POP.SLUM.UR.ZS": 90.57927345}, "VNM": {"projects": 284, "cost": 39855990000.0, "SI.POV.UMIC.GP": 22.69814662, "SI.POV.LMIC.GP": 8.025212036000001, "SI.POV.GAPS": 1.835934965, "EN.POP.SLUM.UR.ZS": 37.47451691}, "NPL": {"projects": 199, "cost": 31988920000.0, "SI.POV.UMIC.GP": 46.09989154, "SI.POV.LMIC.GP": 23.17757537, "SI.POV.GAPS": 6.7044761170000005, "EN.POP.SLUM.UR.ZS": 59.21424747}, "WLD": {"projects": 112, "cost": 284360000.0, "SI.POV.UMIC.GP": 26.66468265, "SI.POV.LMIC.GP": 13.11728983, "SI.POV.GAPS": 4.641215783, "EN.POP.SLUM.UR.ZS": 34.23644526}, "THA": {"projects": 179, "cost": 17897040000.0, "SI.POV.UMIC.GP": 3.97131864, "SI.POV.LMIC.GP": 0.383105941, "EN.POP.SLUM.UR.ZS": 26.11444189}, "KEN": {"projects": 278, "cost": 24829910000.0, "SI.POV.UMIC.GP": 51.1128164, "SI.POV.LMIC.GP": 30.75256087, "SI.POV.GAPS": 13.70839159, "EN.POP.SLUM.UR.ZS": 55.0178235}, "STP": {"projects": 39, "cost": 258210000.0, "SI.POV.UMIC.GP": 49.02223985, "SI.POV.LMIC.GP": 25.57185953, "SI.POV.GAPS": 8.190238092000001, "EN.POP.SLUM.UR.ZS": 86.6}, "SEN": {"projects": 203, "cost": 11168400000.0, "SI.POV.UMIC.GP": 52.42563925, "SI.POV.LMIC.GP": 31.342182, "SI.POV.GAPS": 13.64323037, "EN.POP.SLUM.UR.ZS": 42.14958519}, "COM": {"projects": 43, "cost": 383870000.0, "SI.POV.UMIC.GP": 28.96118092, "SI.POV.LMIC.GP": 13.304134699999999, "SI.POV.GAPS": 4.789572006, "EN.POP.SLUM.UR.ZS": 68.17989969}, "LKA": {"projects": 187, "cost": 21991610000.0, "SI.POV.UMIC.GP": 18.24951714, "SI.POV.LMIC.GP": 4.223634316, "SI.POV.GAPS": 0.38446415700000003}, "TGO": {"projects": 104, "cost": 2021430000.0, "SI.POV.UMIC.GP": 58.08361266, "SI.POV.LMIC.GP": 39.30082463, "SI.POV.GAPS": 21.35704547, "EN.POP.SLUM.UR.ZS": 56.3872326}, "MNG": {"projects": 93, "cost": 1431660000.0, "SI.POV.UMIC.GP": 9.667622731, "SI.POV.LMIC.GP": 1.6633213580000001, "EN.POP.SLUM.UR.ZS": 55.20868778}, "SRB": {"projects": 88, "cost": 6654510000.0, "SI.POV.UMIC.GP": 10.34340275, "SI.POV.LMIC.GP": 5.254320062, "SI.POV.GAPS": 3.081199027}, "TUV": {"projects": 16, "cost": 152990000.0, "SI.POV.UMIC.GP": 16.1, "SI.POV.LMIC.GP": 4.3, "SI.POV.GAPS": 0.4}, "MLI": {"projects": 160, "cost": 7186050000.0, "SI.POV.UMIC.GP": 59.47193865, "SI.POV.LMIC.GP": 38.64051649, "SI.POV.GAPS": 18.46582246, "EN.POP.SLUM.UR.ZS": 65.60050715}, "MDG": {"projects": 199, "cost": 8913600000.0, "SI.POV.UMIC.GP": 71.08702262, "SI.POV.LMIC.GP": 54.82310891, "SI.POV.GAPS": 35.39077853, "EN.POP.SLUM.UR.ZS": 79.16980629999999}, "BEN": {"projects": 133, "cost": 4302720000.0, "SI.POV.UMIC.GP": 58.22932907, "SI.POV.LMIC.GP": 38.1809125, "SI.POV.GAPS": 19.03292537, "EN.POP.SLUM.UR.ZS": 69.49849673}, "NER": {"projects": 137, "cost": 5458760000.0, "SI.POV.UMIC.GP": 63.75875499, "SI.POV.LMIC.GP": 43.17427723, "SI.POV.GAPS": 20.91051382, "EN.POP.SLUM.UR.ZS": 79.52605444}, "MAR": {"projects": 240, "cost": 44590530000.0, "SI.POV.UMIC.GP": 14.89916365, "SI.POV.LMIC.GP": 3.647918999, "SI.POV.GAPS": 0.538321261, "EN.POP.SLUM.UR.ZS": 14.8108543}, "MWI": {"projects": 184, "cost": 8371420000.0, "SI.POV.UMIC.GP": 69.83020076, "SI.POV.LMIC.GP": 52.35357853, "SI.POV.GAPS": 31.57758652, "EN.POP.SLUM.UR.ZS": 67.21310778}, "CHL": {"projects": 102, "cost": 9788140000.0, "SI.POV.UMIC.GP": 5.37654947, "SI.POV.LMIC.GP": 1.876373202, "SI.POV.GAPS": 0.898449377, "EN.POP.SLUM.UR.ZS": 9.0}, "IDN": {"projects": 583, "cost": 232341850000.0, "SI.POV.UMIC.GP": 37.63698209, "SI.POV.LMIC.GP": 15.88701169, "SI.POV.GAPS": 2.955853865, "EN.POP.SLUM.UR.ZS": 25.33292115}, "WSM": {"projects": 44, "cost": 523800000.0, "SI.POV.UMIC.GP": 10.67470661, "SI.POV.LMIC.GP": 2.144333374, "SI.POV.GAPS": 0.158740105}, "JOR": {"projects": 141, "cost": 14880190000.0, "SI.POV.UMIC.GP": 5.939665466, "SI.POV.LMIC.GP": 0.7085167720000001, "EN.POP.SLUM.UR.ZS": 16.30681085}, "AFG": {"projects": 191, "cost": 12674290000.0, "EN.POP.SLUM.UR.ZS": 62.7}, "TLS": {"projects": 52, "cost": 784630000.0, "SI.POV.UMIC.GP": 55.54030511, "SI.POV.LMIC.GP": 31.63454635, "SI.POV.GAPS": 10.66884992}, "GIN": {"projects": 121, "cost": 3764270000.0, "SI.POV.UMIC.GP": 59.60025937, "SI.POV.LMIC.GP": 38.58699303, "SI.POV.GAPS": 18.65616622, "EN.POP.SLUM.UR.ZS": 47.71102311}, "ARM": {"projects": 129, "cost": 3164890000.0, "SI.POV.UMIC.GP": 21.11495046, "SI.POV.LMIC.GP": 4.946906759, "SI.POV.GAPS": 0.5979349070000001, "EN.POP.SLUM.UR.ZS": 14.4}, "JAM": {"projects": 106, "cost": 3497960000.0, "SI.POV.UMIC.GP": 10.29660138, "SI.POV.LMIC.GP": 2.653299832, "SI.POV.GAPS": 0.529150262, "EN.POP.SLUM.UR.ZS": 60.5}, "UZB": {"projects": 73, "cost": 10002470000.0, "SI.POV.UMIC.GP": 64.19210799999999, "SI.POV.LMIC.GP": 43.60616163, "SI.POV.GAPS": 21.02286399}, "EGY": {"projects": 195, "cost": 49826690000.0, "SI.POV.UMIC.GP": 22.817995800000002, "SI.POV.LMIC.GP": 4.466616155, "SI.POV.GAPS": 0.310369115, "EN.POP.SLUM.UR.ZS": 15.72274666}, "FJI": {"projects": 22, "cost": 633960000.0, "SI.POV.UMIC.GP": 16.83283685, "SI.POV.LMIC.GP": 4.109989522, "SI.POV.GAPS": 0.47622031600000003}, "HND": {"projects": 145, "cost": 5087650000.0, "SI.POV.UMIC.GP": 27.91991671, "SI.POV.LMIC.GP": 15.47471303, "SI.POV.GAPS": 7.621052412999999, "EN.POP.SLUM.UR.ZS": 30.97983215}, "BLR": {"projects": 39, "cost": 2552670000.0, "SI.POV.UMIC.GP": 1.046721945}, "GHA": {"projects": 260, "cost": 16694370000.0, "SI.POV.UMIC.GP": 29.63265662, "SI.POV.LMIC.GP": 13.80809229, "SI.POV.GAPS": 5.128534148, "EN.POP.SLUM.UR.ZS": 43.39345054}, "SWZ": {"projects": 28, "cost": 530870000.0, "SI.POV.UMIC.GP": 51.6613008, "SI.POV.LMIC.GP": 33.66199638, "SI.POV.GAPS": 17.04406055, "EN.POP.SLUM.UR.ZS": 32.7}, "MNE": {"projects": 35, "cost": 726960000.0, "SI.POV.UMIC.GP": 1.433394601}, "DJI": {"projects": 64, "cost": 594250000.0, "SI.POV.UMIC.GP": 34.58498817, "SI.POV.LMIC.GP": 16.65225802, "SI.POV.GAPS": 6.731575133, "EN.POP.SLUM.UR.ZS": 65.6}, "ROU": {"projects": 132, "cost": 25269940000.0, "SI.POV.UMIC.GP": 12.05117178, "SI.POV.LMIC.GP": 5.087717261, "SI.POV.GAPS": 1.980545574}, "TZA": {"projects": 287, "cost": 32197830000.0, "SI.POV.UMIC.GP": 66.09690204, "SI.POV.LMIC.GP": 46.9038484, "SI.POV.GAPS": 25.47959511, "EN.POP.SLUM.UR.ZS": 62.76481134}, "ARG": {"projects": 240, "cost": 138701660000.0, "SI.POV.UMIC.GP": 5.739654952, "SI.POV.LMIC.GP": 2.248808447, "SI.POV.GAPS": 0.939487603, "EN.POP.SLUM.UR.ZS": 23.41364189}, "BFA": {"projects": 168, "cost": 7844250000.0, "SI.POV.UMIC.GP": 59.18308635, "SI.POV.LMIC.GP": 38.30746854, "SI.POV.GAPS": 17.36366775, "EN.POP.SLUM.UR.ZS": 62.59451949}, "CSS": {"projects": 31, "cost": 518500000.0, "EN.POP.SLUM.UR.ZS": 40.80522788}, "RWA": {"projects": 149, "cost": 6707900000.0, "SI.POV.UMIC.GP": 64.66195259, "SI.POV.LMIC.GP": 46.53287222, "SI.POV.GAPS": 26.26048935, "EN.POP.SLUM.UR.ZS": 66.99724334}, "CMR": {"projects": 149, "cost": 9817030000.0, "SI.POV.UMIC.GP": 38.915068299999994, "SI.POV.LMIC.GP": 20.2236432, "SI.POV.GAPS": 7.273450818, "EN.POP.SLUM.UR.ZS": 45.08587151}, "BRA": {"projects": 544, "cost": 132058610000.0, "SI.POV.UMIC.GP": 11.64433338, "SI.POV.LMIC.GP": 5.170171443, "SI.POV.GAPS": 2.25859604, "EN.POP.SLUM.UR.ZS": 27.36432534}, "DOM": {"projects": 83, "cost": 3445810000.0, "SI.POV.UMIC.GP": 11.10796821, "SI.POV.LMIC.GP": 3.623870058, "SI.POV.GAPS": 0.987259703, "EN.POP.SLUM.UR.ZS": 16.07158881}, "MRT": {"projects": 117, "cost": 4168600000.0, "SI.POV.UMIC.GP": 28.93941411, "SI.POV.LMIC.GP": 11.24043338, "SI.POV.GAPS": 2.900343332, "EN.POP.SLUM.UR.ZS": 79.9}, "PRY": {"projects": 78, "cost": 2673210000.0, "SI.POV.UMIC.GP": 11.15977949, "SI.POV.LMIC.GP": 4.136192185, "SI.POV.GAPS": 1.243750665, "EN.POP.SLUM.UR.ZS": 17.6}, "AGO": {"projects": 47, "cost": 7275580000.0, "SI.POV.UMIC.GP": 43.54514898, "SI.POV.LMIC.GP": 25.19603143, "SI.POV.GAPS": 11.83891887, "EN.POP.SLUM.UR.ZS": 73.06362449}, "LBR": {"projects": 141, "cost": 2840630000.0, "SI.POV.UMIC.GP": 58.37564859, "SI.POV.LMIC.GP": 36.48374356, "SI.POV.GAPS": 16.22850491, "EN.POP.SLUM.UR.ZS": 66.98738687}, "ZWE": {"projects": 66, "cost": 4569800000.0, "SI.POV.UMIC.GP": 36.1, "SI.POV.LMIC.GP": 17.3, "SI.POV.GAPS": 5.2, "EN.POP.SLUM.UR.ZS": 14.96426553}, "ZAF": {"projects": 48, "cost": 16558440000.0, "SI.POV.UMIC.GP": 32.36129537, "SI.POV.LMIC.GP": 17.38766467, "SI.POV.GAPS": 6.946026643, "EN.POP.SLUM.UR.ZS": 25.87263714}, "BGD": {"projects": 392, "cost": 85887190000.0, "SI.POV.UMIC.GP": 45.02556729, "SI.POV.LMIC.GP": 20.79635456, "SI.POV.GAPS": 4.462534709, "EN.POP.SLUM.UR.ZS": 65.84467085}, "SUR": {"projects": 4, "cost": 108350000.0, "EN.POP.SLUM.UR.ZS": 5.335728629}, "GNB": {"projects": 64, "cost": 756310000.0, "SI.POV.UMIC.GP": 63.69489775, "SI.POV.LMIC.GP": 44.37476761, "SI.POV.GAPS": 23.81806037, "EN.POP.SLUM.UR.ZS": 82.69903264}, "SLE": {"projects": 137, "cost": 2625840000.0, "SI.POV.UMIC.GP": 61.27642287, "SI.POV.LMIC.GP": 40.8900966, "SI.POV.GAPS": 19.72587134, "EN.POP.SLUM.UR.ZS": 85.63410536}, "TUN": {"projects": 204, "cost": 15955950000.0, "SI.POV.UMIC.GP": 10.24097303, "SI.POV.LMIC.GP": 2.437977891, "EN.POP.SLUM.UR.ZS": 8.0}, "BTN": {"projects": 54, "cost": 609100000.0, "SI.POV.UMIC.GP": 19.63538841, "SI.POV.LMIC.GP": 5.737696037, "SI.POV.GAPS": 0.806178065}, "ETH": {"projects": 227, "cost": 78177370000.0, "SI.POV.UMIC.GP": 52.153406700000005, "SI.POV.LMIC.GP": 27.72006783, "SI.POV.GAPS": 8.865786246, "EN.POP.SLUM.UR.ZS": 79.80319171}, "ECU": {"projects": 137, "cost": 10034500000.0, "SI.POV.UMIC.GP": 14.265959699999998, "SI.POV.LMIC.GP": 5.87421731, "SI.POV.GAPS": 2.330644248, "EN.POP.SLUM.UR.ZS": 27.82085549}, "COD": {"projects": 184, "cost": 12652650000.0, "SI.POV.UMIC.GP": 79.63516811, "SI.POV.LMIC.GP": 66.64052821, "SI.POV.GAPS": 49.54755292, "EN.POP.SLUM.UR.ZS": 70.2569904}, "CPV": {"projects": 52, "cost": 768420000.0, "SI.POV.UMIC.GP": 25.226969699999998, "SI.POV.LMIC.GP": 10.50714043, "SI.POV.GAPS": 2.877498914}, "SAS": {"projects": 19, "cost": 2283130000.0, "SI.POV.UMIC.GP": 45.79773163, "SI.POV.LMIC.GP": 21.90877643, "SI.POV.GAPS": 5.211186187, "EN.POP.SLUM.UR.ZS": 37.21201819}, "CAF": {"projects": 84, "cost": 1933280000.0, "SI.POV.UMIC.GP": 66.69992504, "SI.POV.LMIC.GP": 49.84576211, "SI.POV.GAPS": 31.66907008, "EN.POP.SLUM.UR.ZS": 94.02986189}, "GTM": {"projects": 81, "cost": 4817820000.0, "SI.POV.UMIC.GP": 19.72496856, "SI.POV.LMIC.GP": 8.647127249, "SI.POV.GAPS": 3.125253313, "EN.POP.SLUM.UR.ZS": 40.75289996}, "UKR": {"projects": 111, "cost": 21123860000.0, "SI.POV.UMIC.GP": 1.9717780669999998}, "GMB": {"projects": 64, "cost": 921110000.0, "SI.POV.UMIC.GP": 40.4173695, "SI.POV.LMIC.GP": 19.78952614, "SI.POV.GAPS": 6.605046645, "EN.POP.SLUM.UR.ZS": 38.02519474}, "HTI": {"projects": 121, "cost": 2894310000.0, "SI.POV.UMIC.GP": 39.8, "SI.POV.LMIC.GP": 20.3, "SI.POV.GAPS": 8.1, "EN.POP.SLUM.UR.ZS": 75.13023947}, "ZMB": {"projects": 163, "cost": 7845180000.0, "SI.POV.UMIC.GP": 60.8152179, "SI.POV.LMIC.GP": 43.73120614, "SI.POV.GAPS": 26.63515681, "EN.POP.SLUM.UR.ZS": 56.58469929}, "YEM": {"projects": 228, "cost": 7812230000.0, "SI.POV.UMIC.GP": 35.18451364, "SI.POV.LMIC.GP": 13.668942900000001, "SI.POV.GAPS": 2.8460498939999996, "EN.POP.SLUM.UR.ZS": 67.95342601}, "FSM": {"projects": 8, "cost": 219400000.0, "SI.POV.UMIC.GP": 25.57576978, "SI.POV.LMIC.GP": 10.38845513, "SI.POV.GAPS": 2.966479395}, "MDA": {"projects": 108, "cost": 2090480000.0, "SI.POV.UMIC.GP": 10.28874335, "SI.POV.LMIC.GP": 1.6636745730000002}, "IRQ": {"projects": 66, "cost": 7623910000.0, "SI.POV.UMIC.GP": 19.13530768, "SI.POV.LMIC.GP": 3.9, "SI.POV.GAPS": 0.346410162, "EN.POP.SLUM.UR.ZS": 41.10986912}, "SLV": {"projects": 71, "cost": 4261680000.0, "SI.POV.UMIC.GP": 15.33428614, "SI.POV.LMIC.GP": 5.587149827, "SI.POV.GAPS": 1.667858152, "EN.POP.SLUM.UR.ZS": 28.9}, "GUY": {"projects": 66, "cost": 711530000.0, "EN.POP.SLUM.UR.ZS": 33.37414868}, "ECS": {"projects": 40, "cost": 10323660000.0, "SI.POV.UMIC.GP": 6.751919384, "SI.POV.LMIC.GP": 2.46494813, "SI.POV.GAPS": 0.70917069}, "SSD": {"projects": 43, "cost": 1437480000.0, "SI.POV.UMIC.GP": 51.3, "SI.POV.LMIC.GP": 33.3, "SI.POV.GAPS": 18.9, "EN.POP.SLUM.UR.ZS": 95.6}, "GAB": {"projects": 33, "cost": 1378840000.0, "SI.POV.UMIC.GP": 15.48418548, "SI.POV.LMIC.GP": 4.995998398999999, "SI.POV.GAPS": 1.2, "EN.POP.SLUM.UR.ZS": 37.84045454}, "COG": {"projects": 69, "cost": 2146010000.0, "SI.POV.UMIC.GP": 52.67902809, "SI.POV.LMIC.GP": 34.11744422, "SI.POV.GAPS": 18.1463495, "EN.POP.SLUM.UR.ZS": 50.41691841}, "SDN": {"projects": 97, "cost": 2383870000.0, "SI.POV.UMIC.GP": 32.6, "SI.POV.LMIC.GP": 13.6, "SI.POV.GAPS": 4.0, "EN.POP.SLUM.UR.ZS": 91.6}, "BIH": {"projects": 107, "cost": 5358600000.0, "SI.POV.UMIC.GP": 1.031937188, "SI.POV.LMIC.GP": 0.15650845800000002}, "PNG": {"projects": 89, "cost": 2698700000.0, "SI.POV.UMIC.GP": 50.2, "SI.POV.LMIC.GP": 30.2, "SI.POV.GAPS": 14.8}, "LCA": {"projects": 24, "cost": 341550000.0, "SI.POV.UMIC.GP": 9.4, "SI.POV.LMIC.GP": 4.8, "SI.POV.GAPS": 2.7, "EN.POP.SLUM.UR.ZS": 11.9}, "HRV": {"projects": 78, "cost": 8662550000.0, "SI.POV.UMIC.GP": 2.093550978, "SI.POV.LMIC.GP": 0.839528484, "SI.POV.GAPS": 0.527336193}, "LBN": {"projects": 82, "cost": 12547270000.0, "SI.POV.UMIC.GP": 0.3, "EN.POP.SLUM.UR.ZS": 53.1}, "PAN": {"projects": 87, "cost": 4891040000.0, "SI.POV.UMIC.GP": 10.60653727, "SI.POV.LMIC.GP": 4.815041035, "SI.POV.GAPS": 1.8556754880000002, "EN.POP.SLUM.UR.ZS": 24.35980295}, "NIC": {"projects": 137, "cost": 3512930000.0, "SI.POV.UMIC.GP": 19.78980695, "SI.POV.LMIC.GP": 7.277560901, "SI.POV.GAPS": 2.002899937, "EN.POP.SLUM.UR.ZS": 49.89511346}, "CRI": {"projects": 70, "cost": 3970180000.0, "SI.POV.UMIC.GP": 5.65192233, "SI.POV.LMIC.GP": 2.184519227, "SI.POV.GAPS": 0.9595461890000001, "EN.POP.SLUM.UR.ZS": 7.742738534}, "LCN": {"projects": 19, "cost": 134630000.0, "SI.POV.UMIC.GP": 13.11899156, "SI.POV.LMIC.GP": 5.668437585, "SI.POV.GAPS": 2.45750515, "EN.POP.SLUM.UR.ZS": 24.99623007}, "URY": {"projects": 94, "cost": 6819560000.0, "SI.POV.UMIC.GP": 1.5863079709999999, "SI.POV.LMIC.GP": 0.24018739100000003}, "MUS": {"projects": 56, "cost": 1335150000.0, "SI.POV.UMIC.GP": 4.436214603, "SI.POV.LMIC.GP": 0.7, "SI.POV.GAPS": 0.1}, "BWA": {"projects": 35, "cost": 2897320000.0, "SI.POV.UMIC.GP": 31.93538655, "SI.POV.LMIC.GP": 16.83015418, "SI.POV.GAPS": 6.575575472000001}, "KAZ": {"projects": 82, "cost": 15491570000.0, "SI.POV.UMIC.GP": 4.434065191}, "AZE": {"projects": 84, "cost": 7330920000.0, "SI.POV.UMIC.GP": 3.121487301}, "BLZ": {"projects": 23, "cost": 215120000.0, "EN.POP.SLUM.UR.ZS": 14.21126314}, "NAM": {"projects": 9, "cost": 191560000.0, "SI.POV.UMIC.GP": 32.73225782, "SI.POV.LMIC.GP": 17.34603441, "SI.POV.GAPS": 6.765511652000001, "EN.POP.SLUM.UR.ZS": 33.61896298}, "TEA": {"projects": 12, "cost": 83100000.0, "EN.POP.SLUM.UR.ZS": 31.01271796}, "BGR": {"projects": 59, "cost": 6371530000.0, "SI.POV.UMIC.GP": 4.1176481439999995, "SI.POV.LMIC.GP": 1.6449478919999998, "SI.POV.GAPS": 0.672952145}, "SYC": {"projects": 18, "cost": 917270000.0, "SI.POV.UMIC.GP": 2.4, "SI.POV.LMIC.GP": 0.9, "SI.POV.GAPS": 0.4}, "POL": {"projects": 75, "cost": 27429160000.0, "SI.POV.UMIC.GP": 1.275833797, "SI.POV.LMIC.GP": 0.425738989, "SI.POV.GAPS": 0.18331452399999998}, "RUS": {"projects": 130, "cost": 30204690000.0, "SI.POV.UMIC.GP": 1.793495661}, "ATG": {"projects": 1, "cost": 10000000.0, "EN.POP.SLUM.UR.ZS": 4.8}, "TTO": {"projects": 26, "cost": 478630000.0, "EN.POP.SLUM.UR.ZS": 24.7}, "LVA": {"projects": 30, "cost": 1467140000.0, "SI.POV.UMIC.GP": 2.781667053, "SI.POV.LMIC.GP": 1.1468700809999999, "SI.POV.GAPS": 0.614569616}, "SYR": {"projects": 28, "cost": 666870000.0, "SI.POV.UMIC.GP": 15.8, "SI.POV.LMIC.GP": 3.2, "SI.POV.GAPS": 0.2, "EN.POP.SLUM.UR.ZS": 16.582234099999997}, "HUN": {"projects": 51, "cost": 6629030000.0, "SI.POV.UMIC.GP": 0.618951674}, "GNQ": {"projects": 12, "cost": 96550000.0, "EN.POP.SLUM.UR.ZS": 66.24998113}, "DZA": {"projects": 91, "cost": 9819290000.0, "SI.POV.UMIC.GP": 6.7, "SI.POV.LMIC.GP": 0.8, "SI.POV.GAPS": 0.2}, "MYS": {"projects": 92, "cost": 5736230000.0, "SI.POV.UMIC.GP": 1.913918905}, "SVK": {"projects": 16, "cost": 1113260000.0, "SI.POV.UMIC.GP": 0.9098619840000001, "SI.POV.LMIC.GP": 0.289732622}, "LTU": {"projects": 22, "cost": 901510000.0, "SI.POV.UMIC.GP": 2.618426529, "SI.POV.LMIC.GP": 1.245892631, "SI.POV.GAPS": 0.769854486}, "EST": {"projects": 9, "cost": 298000000.0, "SI.POV.UMIC.GP": 1.538576911, "SI.POV.LMIC.GP": 0.697973222, "SI.POV.GAPS": 0.428003835}, "PRT": {"projects": 32, "cost": 1338800000.0, "SI.POV.UMIC.GP": 0.932876725, "SI.POV.LMIC.GP": 0.33983892200000004}, "ESP": {"projects": 12, "cost": 478700000.0, "SI.POV.UMIC.GP": 1.150259559, "SI.POV.LMIC.GP": 0.7235938670000001, "SI.POV.GAPS": 0.559710069}, "IRL": {"projects": 8, "cost": 152500000.0, "SI.POV.UMIC.GP": 0.323405134}, "ISR": {"projects": 11, "cost": 284500000.0, "SI.POV.UMIC.GP": 1.052183569, "SI.POV.LMIC.GP": 0.309168204}, "JPN": {"projects": 31, "cost": 862900000.0, "SI.POV.UMIC.GP": 0.5, "SI.POV.LMIC.GP": 0.3, "SI.POV.GAPS": 0.2}, "ITA": {"projects": 8, "cost": 399600000.0, "SI.POV.UMIC.GP": 1.228105726, "SI.POV.LMIC.GP": 0.880705759, "SI.POV.GAPS": 0.692481896}, "NOR": {"projects": 6, "cost": 145000000.0, "SI.POV.UMIC.GP": 0.166705859}, "AUT": {"projects": 9, "cost": 106400000.0, "SI.POV.UMIC.GP": 0.382128181}, "AUS": {"projects": 7, "cost": 417700000.0, "SI.POV.UMIC.GP": 0.7193836090000001, "SI.POV.LMIC.GP": 0.575387609, "SI.POV.GAPS": 0.45298688}, "BEL": {"projects": 4, "cost": 76000000.0, "SI.POV.UMIC.GP": 0.166705859}, "NLD": {"projects": 8, "cost": 244000000.0, "SI.POV.UMIC.GP": 0.133483985}, "world": {"projects": 18171, "cost": 2650870660000.0, "SI.POV.UMIC.GP": 26.66468265, "SI.POV.LMIC.GP": 13.11728983, "SI.POV.GAPS": 4.641215783, "EN.POP.SLUM.UR.ZS": 34.23644526}}